{
	"1" : 	{
		"39574.canvas" : 		{
			"scale" : [ 0.3, 0.2 ],
			"position" : [ 0.6, 0, 0 ],
			"color" : [ 1, 1, 1, 0.2 ],
			"rotatexyz" : [ 0, 0, 0 ],
			"done" : [ 0, 0, 0 ],
			"edit" : 0
		}
,
		"39613.multislider" : 		{
			"numsliders" : 10,
			"scale" : [ 0.3, 0.2, 0 ],
			"position" : [ -0.6, 0, 0 ],
			"rotatexyz" : [ 0, 0, 0 ],
			"done" : [ 0, 0, 0 ],
			"edit" : 0,
			"color" : [ 1, 1, 1, 1 ]
		}
,
		"39659.slider" : 		{
			"scale" : [ 0.2, 0.2, 0 ],
			"position" : [ 0, 0 ],
			"rotatexyz" : [ 0, 0, 0 ],
			"labelsize" : 0.03,
			"color" : [ 1, 1, 1, 1 ],
			"offcolor" : [ 0.5, 0.5, 0.5, 0.5 ],
			"oncolor" : [ 1, 0.5, 0.5, 0.5 ],
			"t_mode" : "button",
			"done" : "button",
			"edit" : 0
		}
,
		"39702.slider" : 		{
			"scale" : [ 1.0, 0.1, 0 ],
			"position" : [ 0, 0.5, 0 ],
			"rotatexyz" : [ 0, 0, 0 ],
			"enable" : 1,
			"caption" : [ "scale", 1 ],
			"done" : [ "scale", 1 ],
			"edit" : 0,
			"color" : [ 0.0, 0.847363279999999, 0.252722381754386, 1.0 ]
		}

	}
,
	"2" : 	{
		"39574.canvas" : 		{
			"scale" : [ 0.321034358291686, 0.068940133185824, 1.0 ],
			"position" : [ 0.587055867910385, -0.105171483010054 ],
			"color" : [ 1, 1, 1, 0.2 ],
			"rotatexyz" : [ 0, 0, 13.72534702633633 ],
			"done" : [ 0, 0, 0 ],
			"edit" : 1
		}
,
		"39613.multislider" : 		{
			"numsliders" : 40,
			"scale" : [ 0.301260318691543, 0.137766175865404, 1.0 ],
			"position" : [ -0.659866815805435, -0.197398781776428 ],
			"rotatexyz" : [ 0, 0, 26.737118400517478 ],
			"done" : [ 0, 0, 0 ],
			"edit" : 1,
			"color" : [ 1, 0, 0, 1 ]
		}
,
		"39659.slider" : 		{
			"scale" : [ 0.188673743625018, 0.127188964175871, 1.0 ],
			"position" : [ 0.022652212530375, -0.349492911249399 ],
			"rotatexyz" : [ 0, 0, 5.970017508700142 ],
			"labelsize" : 0.03,
			"color" : [ 1, 1, 1, 1 ],
			"offcolor" : [ 0.5, 0.5, 0.5, 0.5 ],
			"oncolor" : [ 1, 0.5, 0.5, 0.5 ],
			"t_mode" : "button",
			"done" : "button",
			"edit" : 1
		}
,
		"39702.slider" : 		{
			"scale" : [ 0.503903494186467, 0.074044441477134, 1.0 ],
			"position" : [ -0.255647607147694, 0.385120391845703 ],
			"rotatexyz" : [ 0, 0, -3.741445442021503 ],
			"enable" : 1,
			"caption" : [ "scale", 1 ],
			"done" : [ "scale", 1 ],
			"edit" : 1,
			"color" : [ 1.0, 0.12736328, 0.816287006315789, 1.0 ]
		}

	}

}
